state,total,population
Johor,5734,3794000
Kedah,3024,2194100
Kelantan,758,1928800
Melaka,1225,937500
Negeri Sembilan,7828
Pahang,1365,1684600
Perak,3195,2508900
Perlis,46,255400
Pulau Pinang,3488,1774400
Sabah,37040,3833000
Sarawak,1117,2822200
Selangor,32395,6555400
Terengganu,325,1275100
W.P. Kuala Lumpur,13487
W.P. Labuan,1701,100100
W.P. Putrajaya,282,116100
